,Unnamed: 0,h_vehicle_hash,fin,record_source,load_ts
0,0,924d229bede272c5a3b440c464cd1dfb74cae74d,WEB14561113188001,vedoc,2021-11-26 12:22:39.105133
1,0,3787a8db036dabd7433a32eaeeca8e5758bc3df8,W1T61600516560507,vedoc,2021-11-26 12:22:39.106127
2,0,aea31cdf4f575acf190626a50e927547e683d2ac,WEB74212637167838,vedoc,2021-11-26 12:22:39.106862
3,0,d92ed338496281e08443c88583be06128a2d4b42,WDB73045113294326,vedoc,2021-11-26 12:22:39.107558
4,0,7934c4872515da4b1c9648d01c0813f81c496aff,W1T38483757441350,vedoc,2021-11-26 12:22:39.108218
5,0,14099ecd0625030ad276cf651a9ce9c34ca50088,WEB82551539603557,vedoc,2021-11-26 12:22:39.108881
6,0,31af1c9e3162b07c36234b181aa44ca2a045b629,W1T84369654532934,vedoc,2021-11-26 12:22:39.109538
7,0,79313aefe4936c52ffba6a0dabdef2bcd0a69c21,WDB11960124228241,vedoc,2021-11-26 12:22:39.110190
8,0,5b15f251639c1ff25ca15e9c2ec570bef949000f,WDB85824751704234,vedoc,2021-11-26 12:22:39.110848
9,0,70d85da3bc330c69b31efcb70e486cdb8e6ac547,NMB84740361813870,vedoc,2021-11-26 12:22:39.111512
10,0,ed634542cd3ab3b23c051713f55b958c5b0a546d,WEB73397899781437,vedoc,2021-11-26 12:22:39.112201
11,0,ea3eeec1788a1bf35a1a96f13e790bd48668ff94,W1T48154756896947,vedoc,2021-11-26 12:22:39.112864
12,0,e83dda437955d98cbb4789eeeb1a7820b55f82a7,WEB83821751792509,vedoc,2021-11-26 12:22:39.113512
13,0,c1acf295672fd9f0942a308713d5ccce4f361b19,W1T53309901037896,vedoc,2021-11-26 12:22:39.114174
14,0,43aba6dfaa7f21b40245d0ad110306c063225fb3,WEB72381947616180,vedoc,2021-11-26 12:22:39.114808
15,0,45673fef2207797d48495e9f3fbe9b821b4520a4,WEB17949948410830,vedoc,2021-11-26 12:22:39.115394
16,0,f23b81a603d4150c46ff5fb321099fa4f5cc13c1,W1T70075084730571,vedoc,2021-11-26 12:22:39.115973
17,0,ec8736eb6090ac96a1b6f7ecdf319456edfa2e45,WEB29160175275064,vedoc,2021-11-26 12:22:39.116559
18,0,fbcec6d00734ac1ba722a604177ed3f379ec1c4b,W1T47509286561268,vedoc,2021-11-26 12:22:39.117128
19,0,5e64be6a143dae430725f3920e0271f9a446781f,NMB16124226132720,vedoc,2021-11-26 12:22:39.117709
20,0,7d4d9308a98e74ff2e136a19ae6255c82c66f5f4,WDB78762883759527,vedoc,2021-11-26 12:22:39.118285
21,0,cc9a8d8ce5f2e2c83b7a8512e33f3dd170c5078c,WDB42266619916463,vedoc,2021-11-26 12:22:39.118858
22,0,fb0fecf27868024de530cba8b1389695276ba611,WEB93526587659415,vedoc,2021-11-26 12:22:39.119436
23,0,251c5da8b2c0a9dd08822825e5a9d3d41d6efb95,NMB30945614935018,vedoc,2021-11-26 12:22:39.120021
24,0,3279df99f5f8f356004a8f017e5eac902bd6411f,NMB19095809221032,vedoc,2021-11-26 12:22:39.120599
25,0,c6f35ae833019f68c44edeed97adbebb1afcda1e,WDB84392156315985,vedoc,2021-11-26 12:22:39.121154
26,0,2cabda59cb5d6444ac44faf6733b038fef6092f5,WEB73900716986295,vedoc,2021-11-26 12:22:39.121736
27,0,cb46a5f894ce2ded64ccb1cb5d45506662539e12,WEB35019575171220,vedoc,2021-11-26 12:22:39.122293
28,0,49f77381b6c2a9d2e41b536c2b83881875d2413c,WDB43339293130890,vedoc,2021-11-26 12:22:39.122877
29,0,0df2c305d4bb5f77615bb4eaaa61d0e5a663c4b3,WEB78801490772563,vedoc,2021-11-26 12:22:39.123432
30,0,4c571c86f0923088c503de4caddec1665f4e49f5,NMB33148520978292,vedoc,2021-11-26 12:22:39.125105
31,0,d700b4dace172e596d212ccda0ab75743e66d21f,WEB82176696345140,vedoc,2021-11-26 12:22:39.125700
32,0,f3ac5992fd60641ebd0bc66451543f82c55380c1,WEB19502010757353,vedoc,2021-11-26 12:22:39.126304
33,0,b0ab7a52145f6cd25193760fe3493db4a5157c8f,W1T89708172104660,vedoc,2021-11-26 12:22:39.126867
34,0,fe5c33ce69e3eb3e3466b0304839f24285bcd4a4,WDB25824689457473,vedoc,2021-11-26 12:22:39.127470
35,0,17ec7629d7e68322617b970bd6bb89528205709b,NMB73685256493482,vedoc,2021-11-26 12:22:39.128090
36,0,dde7e9cf312e566efae5f522b0e8f0db83da821a,WDB10279919007659,vedoc,2021-11-26 12:22:39.128661
37,0,d6350b5be0a3ddbd190c503395576c5c3fdd4b11,WEB59424911084480,vedoc,2021-11-26 12:22:39.129243
38,0,8e0a0d4736a6e33986e8320670b77e968e5ee916,NMB75872931670824,vedoc,2021-11-26 12:22:39.129805
39,0,75182f7a6a01463f1f2f5cb47b943d32c6b73ee2,W1T86983370738640,vedoc,2021-11-26 12:22:39.130383
40,0,53307ecbcdec9056b8fa7e4b914b05ef2a8bed43,W1T51066142888378,vedoc,2021-11-26 12:22:39.130942
41,0,8c9af9dd2e130844bfb3421e26c2120cc33a965c,WEB81787091131310,vedoc,2021-11-26 12:22:39.131562
42,0,432dcc321c6a652915e8cfca050c593ad22bd734,NMB34041591445664,vedoc,2021-11-26 12:22:39.132130
43,0,81b72469521a42f6ef7877716d462083e645d632,W1T69540412431296,vedoc,2021-11-26 12:22:39.132716
44,0,7913d0e4eb072b693d81fcfddbcb416b54993039,W1T70642158310439,vedoc,2021-11-26 12:22:39.133268
45,0,ba068bbc530d7d3bff85acd45666e58646b5842f,WEB80973586238525,vedoc,2021-11-26 12:22:39.133852
46,0,680e60884c707c45f38837ce51be37959e7ff490,WDB34439377777050,vedoc,2021-11-26 12:22:39.134403
47,0,9264b4e96cb6d3acce53461e74e17002ad239320,W1T42983246132574,vedoc,2021-11-26 12:22:39.134999
48,0,36974b56eb02ee2c4dff11df0baf6a2940160832,W1T63975794153676,vedoc,2021-11-26 12:22:39.135586
49,0,f123d67fab7414373fa0dc7e7edb61ce56f2bb98,WDB63701474989783,vedoc,2021-11-26 12:22:39.136170
50,0,cf8be274057a922859118c5ccd8d16734a7f3080,WDB97246638640936,vedoc,2021-11-26 12:22:39.136756
51,0,21bf7a267892319b439cbf6427057db4d9d96e25,NMB31017046931867,vedoc,2021-11-26 12:22:39.137322
52,0,8ae0561b7131e1e3ee1c0d384c88e9287f94fd57,WEB53509484235965,vedoc,2021-11-26 12:22:39.137902
53,0,98dd20b0c8741cfc083bfbeecba427ad53343e2e,NMB78383466914959,vedoc,2021-11-26 12:22:39.138463
54,0,a0cd1cd0a63aa86804b18efe41aeb9179b1363de,WDB72396467558244,vedoc,2021-11-26 12:22:39.139039
55,0,e826738982631e4c61a74fcd362fc550930a95d5,W1T84920730738326,vedoc,2021-11-26 12:22:39.139623
56,0,6c77d2cc070925f64372aee9c082a028020edab6,NMB71327410429524,vedoc,2021-11-26 12:22:39.140212
57,0,12c2c42938131c2c7540eed842db03964aea755d,W1T39073570795970,vedoc,2021-11-26 12:22:39.140767
58,0,38488e286dd3e9422987d11b7de7fc62e417b4d3,W1T17121736447516,vedoc,2021-11-26 12:22:39.141357
59,0,73c93af4c5690c40433139cbed8f00ca73db966a,NMB13227274326029,vedoc,2021-11-26 12:22:39.141910
60,0,fb70d134dbaa228f82fead532fb500e853cfc9f3,W1T55176245892108,vedoc,2021-11-26 12:22:39.142497
61,0,2cff916778e0894ed4b190dc01c837cc1226f93e,NMB85011258328792,vedoc,2021-11-26 12:22:39.143055
62,0,4b955dba5e85794f395f2a3023e3ef97074b94a2,WEB73282025281984,vedoc,2021-11-26 12:22:39.143665
63,0,b26c5afaf7da2890af62109cae8461989da1d111,NMB97354865298745,vedoc,2021-11-26 12:22:39.144225
64,0,05824b60a16d7c0baf311c234a6b40f1693784d2,NMB47389058806348,vedoc,2021-11-26 12:22:39.144819
65,0,19a94825903e47ba3d104a0b05e4aa75d73c4f19,W1T46089787263604,vedoc,2021-11-26 12:22:39.145387
66,0,416e60324622ddc3c48239bfb673699614dc7522,WDB91927970828253,vedoc,2021-11-26 12:22:39.145954
67,0,00cb7b6fc44b7d6cd184d6040ef5d87edaf94eac,W1T87125817097084,vedoc,2021-11-26 12:22:39.146524
68,0,7871613f29c201e605ad0962d4a069a81ebd5394,W1T62366008898032,vedoc,2021-11-26 12:22:39.147091
69,0,4a9d1bfa9442b27eeb8a0a1091d201d83ff3ed81,NMB36972072127105,vedoc,2021-11-26 12:22:39.147740
70,0,06be523c7ac73acbb96d736b3d3bf2384a766191,WDB40155518630454,vedoc,2021-11-26 12:22:39.148308
71,0,1285f3d6078f8cb7f626fcfdb9ed51ab14db89cd,W1T23430593747324,vedoc,2021-11-26 12:22:39.148904
72,0,dc3067690bd6719978f3095606dd54a01485a27b,WDB15745414803403,vedoc,2021-11-26 12:22:39.149456
73,0,89ee17d9123243920d491340aa20385313c90443,WEB96465783638934,vedoc,2021-11-26 12:22:39.150040
74,0,a79faa09ba1f84f221bff0c6374886eaa3a0da40,WEB51885584239659,vedoc,2021-11-26 12:22:39.150593
75,0,03b17915117e9df4ca71f01e559a9e20dd0764de,W1T43829574521141,vedoc,2021-11-26 12:22:39.151171
76,0,ca55c760468caf15a37440555a9a328c0bb47577,WDB83878215692974,vedoc,2021-11-26 12:22:39.151745
77,0,bbc9f067bf7f3289d2408902b1e353082c343141,W1T18640644858190,vedoc,2021-11-26 12:22:39.152333
78,0,e799c19b7c6a262ddb6dd1ebecaec532ea8c6ac6,NMB67827883137775,vedoc,2021-11-26 12:22:39.152881
79,0,580d5be0a202e68dda53bdd4bb2bd3cbea706408,WDB95921284903111,vedoc,2021-11-26 12:22:39.153463
80,0,a9049707803e3e45903672f0ce85a27c62549500,W1T19781182046387,vedoc,2021-11-26 12:22:39.154010
81,0,bc77a32881828df3c9b7d1035e9fdb393fcc2627,NMB76915082126852,vedoc,2021-11-26 12:22:39.154594
82,0,a15f0f00461cf5034ce267dd2acd44dac751a74c,W1T26113761133557,vedoc,2021-11-26 12:22:39.155175
83,0,efd746943b64ec5244b0ebe06346f6350dfef3d9,WDB58680013800818,vedoc,2021-11-26 12:22:39.155773
84,0,3fc745e2d66c04cb8e79dcbac71ded1db4128271,WEB81837546509237,vedoc,2021-11-26 12:22:39.156360
85,0,9c6f0bfb57d618724da74bad1599235bc70c5e83,NMB57233243857664,vedoc,2021-11-26 12:22:39.156924
86,0,b820055eeacc6767f2d9cb7c3c0efccff6688186,NMB7057091351743,vedoc,2021-11-26 12:22:39.157507
87,0,c43eccc2505fde64285e2b37206a304e475ed336,WEB49611259414840,vedoc,2021-11-26 12:22:39.158076
88,0,2b094a712b6bc8a456de7fbf3bdfb45dd402a6b6,WDB63576712681318,vedoc,2021-11-26 12:22:39.158693
89,0,1aae9e4eaf6781593e8423ff9ea3f9b6d718144a,WDB77556742988910,vedoc,2021-11-26 12:22:39.159265
90,0,17512792d269177a16738f28fa08606adb12373b,NMB76965821497888,vedoc,2021-11-26 12:22:39.159875
91,0,353f501a1240b960a6d32dd1140a8b7ceeee4642,NMB14360248773316,vedoc,2021-11-26 12:22:39.160434
92,0,2c57d4e7d0dd43fd29bd98bd2ae817883c2e6b92,W1T95977627054218,vedoc,2021-11-26 12:22:39.161031
93,0,ca674197e560e76688420628812f3eb3649b01b3,WEB23126837643359,vedoc,2021-11-26 12:22:39.161585
94,0,87fb1b6700b38f831060cddb37a886fac888d549,NMB44365117241744,vedoc,2021-11-26 12:22:39.162169
95,0,51cacbc82c7388a8b8fc66ac94d6361626a2ff17,WEB34884301673856,vedoc,2021-11-26 12:22:39.162730
96,0,9bd2e69e397e666925ea8ee47e6635804df5d228,NMB45819579060242,vedoc,2021-11-26 12:22:39.163302
97,0,7bb2ddb1b33492c54523a8e4b45f2659285f070a,WDB55210210126674,vedoc,2021-11-26 12:22:39.163916
98,0,223d9654438536342a8957006753b5c54b2c0b5c,W1T10440675026696,vedoc,2021-11-26 12:22:39.164486
99,0,f4e56ddf619cb520415115830c38bf0fd6e66f41,NMB90616982809475,vedoc,2021-11-26 12:22:39.165078
100,0,5c5f410b687b2e0ebb26d7892785589f0e2d1926,W1T69438069249975,vedoc,2021-11-26 12:22:39.165637
101,0,b5211aff308dfcdf5f88f7061189c63f60d4ea0d,NMB80426357302168,vedoc,2021-11-26 12:22:39.166215
102,0,be9c0425cd927d63e380dcb9b180166c29e69094,NMB11532056420159,vedoc,2021-11-26 12:22:39.166767
103,0,bc103da53e0b339a5474f807a56096880f463fbb,WDB44742688075454,vedoc,2021-11-26 12:22:39.167351
104,0,4f1ccfc8fd8f3a37dc2146e22f58aab6886d4f0b,NMB19508764326332,vedoc,2021-11-26 12:22:39.167936
105,0,8c58d9bb5f3198fcc07e6c98fb547f7948310d1a,NMB82959252392842,vedoc,2021-11-26 12:22:39.168521
106,0,50cc9a52cd2cd87034ea14762b04a01f224a777e,WDB51446023802465,vedoc,2021-11-26 12:22:39.169134
107,0,9188be7c89b6db7515064bc0bd796543f28994b8,WDB95166463158807,vedoc,2021-11-26 12:22:39.169727
108,0,fbe0df2a07c6ae8bbc4b2d8dd68e472b3adf4fca,W1T79028286844816,vedoc,2021-11-26 12:22:39.170280
109,0,95dac066079aa38906b37646b4adee94145d4221,WEB59467751360891,vedoc,2021-11-26 12:22:39.170858
110,0,cdf6699b58773197d494b633a4a44f8bf49046db,WDB29473583682493,vedoc,2021-11-26 12:22:39.171414
111,0,6d5b9c53a3324d72d5d68facc402ae29c4b744d4,WEB82809656938327,vedoc,2021-11-26 12:22:39.172010
112,0,be8d3d4c3c713dec1a491a1ec24693f85d280c8c,WDB47978380904502,vedoc,2021-11-26 12:22:39.172583
113,0,b7f54d0292403a0e074625c7d9e5873442c5b45d,WDB15074727389501,vedoc,2021-11-26 12:22:39.173177
114,0,bb752945a202795c030bc90d292e8c46f04d5a93,NMB91532838482279,vedoc,2021-11-26 12:22:39.173754
115,0,b23b13902d1cd36b3a463347e0d54ab519b872d6,NM97254,vedoc,2021-11-26 12:22:39.174319
116,0,9ac8565ae4ca298b6e19c6226311a92a035cb18e,WDB82620166664538,vedoc,2021-11-26 12:22:39.174909
117,0,c231f983a6609355ac6139db85ada9f0dc484f2b,WEB47832735938060,vedoc,2021-11-26 12:22:39.175473
118,0,706f26b329493bee34a2d7b1ac68d13486a4bd9d,NMB72865246729027,vedoc,2021-11-26 12:22:39.176089
119,0,23c3da479ab7ccad698ae1432fe8b4ba8ca1d56d,W1T65408549768006,vedoc,2021-11-26 12:22:39.176651
120,0,fb9307e94ca3361301b63aa3bf3c66b75e261122,NMB10771979732476,vedoc,2021-11-26 12:22:39.177233
121,0,7209394a6b31cb627b3ebf7d59a26d067221c8cc,WEB24575965454373,vedoc,2021-11-26 12:22:39.177788
122,0,c038b9354a27b8fe8a77d5a2e004df3a68dc939b,NMB36965920008352,vedoc,2021-11-26 12:22:39.178387
123,0,28370b98a234b8338f68ecdb397e6015758006cc,W1T16603297456665,vedoc,2021-11-26 12:22:39.178948
124,0,11a0dbbf01edbd11ba197b74ed4f1ba70f305046,W1T48097372759725,vedoc,2021-11-26 12:22:39.179558
125,0,6356e7809f2d75bd9de336d7b9c9dc136f042b0a,W1T14104931218774,vedoc,2021-11-26 12:22:39.180134
126,0,a5d6a67194fb8838885716c121579226bf7f087f,WEB73563149497753,vedoc,2021-11-26 12:22:39.180700
127,0,33f4215da96af4dfb18188fe46dcd96ea2f025c4,W1T59495989046715,vedoc,2021-11-26 12:22:39.181277
128,0,5f0f69394105523a8754180e8423e86ff24458fc,W1T67146993728098,vedoc,2021-11-26 12:22:39.181846
129,0,ae960df1a0a10fbf88ff5a009a5eaa141356d574,WDB33456364557782,vedoc,2021-11-26 12:22:39.182422
130,0,92495f5b4862842ba133d17927663425709b5437,NMB34041707113678,vedoc,2021-11-26 12:22:39.182981
131,0,20f82961990dea0fb22d26b3411a54342d1fe992,WDB13793009236248,vedoc,2021-11-26 12:22:39.183575
132,0,7adfbd6736a0db4e886104e5e019be8207c82026,WEB77240785145016,vedoc,2021-11-26 12:22:39.184140
133,0,8bbe4f507b06c1861a6534e122c3d22a4d85175f,NMB97518139456297,vedoc,2021-11-26 12:22:39.184724
134,0,b5d6a8441fe64950d88253ffd135381b5e6b82b9,NMB99956329867672,vedoc,2021-11-26 12:22:39.185286
135,0,7fdd397084ceac29c5e17b5bff844105484ab9bc,W1T64495805571643,vedoc,2021-11-26 12:22:39.185870
136,0,b92bf74ff3a9e3ac2753b33fa8606afee17d7322,NMB66574817081404,vedoc,2021-11-26 12:22:39.186426
137,0,c0049d5a0ee06501f1d0086c09d34aaef231de85,W1T91918637003351,vedoc,2021-11-26 12:22:39.187018
138,0,a884d6f2de50b33aaf3a1734949dcabbc6bb508e,WDB79569679921726,vedoc,2021-11-26 12:22:39.187598
139,0,a9cb8c8758b4ae55e930d34e86341b8507da1a5b,WEB53621126974846,vedoc,2021-11-26 12:22:39.188198
140,0,d95f54cccc9787642037e9e774287462e70fafd9,WDB51590375578387,vedoc,2021-11-26 12:22:39.188757
141,0,7992b46b76063858bffe340379e429895380dd81,W1T75689350511244,vedoc,2021-11-26 12:22:39.189345
142,0,980e1d646e245bd75acf190d96d837dadd88dbd5,W1T49696155456317,vedoc,2021-11-26 12:22:39.189973
143,0,73c0bb462ad7e6f7fbfd540c810ffff2de03a78f,NMB60538870651389,vedoc,2021-11-26 12:22:39.190546
144,0,d7dc551dbd7311612b120a7170ca73dc8e22f6db,W,vedoc,2021-11-26 12:22:39.191123
145,0,512bad05141b4fbfd095109a5bef069c8cdc0ece,W1T86045711326994,vedoc,2021-11-26 12:22:39.191706
146,0,2493a9a9f0da76232173c263bb81ec9441ad6a34,W1T91137165490400,vedoc,2021-11-26 12:22:39.192293
147,0,4d86496528d91af0e6b86bc1331c7468bd446fbf,WDB49517002298779,vedoc,2021-11-26 12:22:39.192849
148,0,a7ec90eaed9c39b7c4f93eeffc29d272a12713aa,WEB88585543645274,vedoc,2021-11-26 12:22:39.193430
149,0,9ff28823c7a281d6946ad9d89dd2120aa21fd49d,WDB77694665885101,vedoc,2021-11-26 12:22:39.193986
150,0,a464aaab48b515af0275ff650ddebef208cafc89,NMB68675387124893,vedoc,2021-11-26 12:22:39.194582
151,0,e0ecd5470cb0303ab4c100e57e76e0280b6c2ab2,NMB90650887625146,vedoc,2021-11-26 12:22:39.195154
152,0,45f86d172ed2640fcc99cfcfaa255896c211aef6,NMB70922882897430,vedoc,2021-11-26 12:22:39.195764
153,0,5652bc231dd43ca6ae0cce80734d722a8471c389,WDB14569296263563,vedoc,2021-11-26 12:22:39.196324
154,0,0f00f0cb40cfabd3d6825b5a4ab0010a86351839,WEB13675182237484,vedoc,2021-11-26 12:22:39.196915
155,0,1606b3378272d2c28c3c39b263811cba27c3bd61,NMB18505876058372,vedoc,2021-11-26 12:22:39.197470
156,0,224a4779c9f5af1c2d047c968040cafd5587b36f,WEB12742598584178,vedoc,2021-11-26 12:22:39.198051
157,0,b59d45ef59cd1778847149236afa06efaeb98d8c,W1T58643156036392,vedoc,2021-11-26 12:22:39.198627
158,0,0cfe541fa4fbbc9b1c642fe8639449d7ca2186b9,WDB64172908761989,vedoc,2021-11-26 12:22:39.199196
159,0,fff53f955a9cc9d834a36886446204b9bd3b2e65,WDB29550373808598,vedoc,2021-11-26 12:22:39.199802
160,0,b4408587ad111cff24b13fd9d42ccb100ac127b3,W1T40671165430937,vedoc,2021-11-26 12:22:39.200365
161,0,459fcc59c4b1acdf19878e5bf05a7b1601c143f6,WDB57087485955504,vedoc,2021-11-26 12:22:39.200940
162,0,f192edf30f05b153eb5d10474af7e1fccbc0a9b6,W1T75056428607195,vedoc,2021-11-26 12:22:39.201497
163,0,af95691f64212f092c5ee3927a36ef6c447c8e1d,W1T50519176577813,vedoc,2021-11-26 12:22:39.202090
164,0,7497e805433d1da9af9d9e430556156b41780405,W1T50558206917289,vedoc,2021-11-26 12:22:39.202642
165,0,f46d80140aeece052738f0e8321c3d9e91e59ff3,W1T46187599278500,vedoc,2021-11-26 12:22:39.203247
166,0,920605e523c7c51a6dc05148c2850a3ea011925d,42328400461785,vedoc,2021-11-26 12:22:39.203845
167,0,3129c18b7b9655779363800c25a33349771723df,WEB96189896663526,vedoc,2021-11-26 12:22:39.204434
168,0,df11e867edf0af86cb8fd2f621fd6f6352092cdc,W1T24266360390931,vedoc,2021-11-26 12:22:39.204991
169,0,467f47bfa6e4c748d7d72e3ed565538b84d76ae9,W1T10431646658279,vedoc,2021-11-26 12:22:39.205573
170,0,138d031af9c404475ecf4ae0ca5608f3cf476f8d,W1T58674103873205,vedoc,2021-11-26 12:22:39.206123
171,0,1aa8e23cf3c01e8e3390443cea099ae0f07e0c96,NMB79273413641547,vedoc,2021-11-26 12:22:39.206706
172,0,4526b35a64c081eb1887631cef009186e1c7cfd7,W1T32194465952966,vedoc,2021-11-26 12:22:39.207273
173,0,325077e4e4fe8a5bfe1efc81330d22844c90d0fa,W1T48560881210933,vedoc,2021-11-26 12:22:39.207870
174,0,c2a6eb3cf0d06c3182a1eef45bfd4dcc3c3a2c6d,NMB92424921492726,vedoc,2021-11-26 12:22:39.208459
175,0,eee060a19ccfce166484c9a2964ae98780f991c9,WDB29161579647861,vedoc,2021-11-26 12:22:39.209024
176,0,f525f973f290acff4b837087a9ab430f80e2e574,WEB34232221714881,vedoc,2021-11-26 12:22:39.209603
177,0,114c71924743bc3bb20866753fdc00c2c209acf6,WEB65543366865816,vedoc,2021-11-26 12:22:39.210166
178,0,bcc1f439139e9f436a4c2b8ae106e61eff54aa40,WEB31333082001067,vedoc,2021-11-26 12:22:39.210752
179,0,4ce784339c244f7d48ce8f1945e7fe3af6ee62b2,WEB92352351873736,vedoc,2021-11-26 12:22:39.211361
180,0,c6fd69eeee687c1da8124b0cd8022ad46b42949c,W1T91926657093101,vedoc,2021-11-26 12:22:39.211975
181,0,a5229d0287b10746d9651629b665755ba888f064,W1T50187927398672,vedoc,2021-11-26 12:22:39.212533
182,0,f5085f63db092d74d0096f0eb64f7c48a7c1cea1,NMB15005246800194,vedoc,2021-11-26 12:22:39.213121
183,0,53cddc613792b71bee77d58b696cea0f874150ea,W1T44851924674700,vedoc,2021-11-26 12:22:39.213678
184,0,8bdb59d9e3265e9a2f01fccb27d02af732423180,WEB74434415764177,vedoc,2021-11-26 12:22:39.214260
185,0,b437aa775d6e172c0946125b7dd22de98bc9fdde,WEB19521765037365,vedoc,2021-11-26 12:22:39.214818
186,0,f9f83f0944b3a301c2b7967cad58c85dd9e0d014,W1T36529096806675,vedoc,2021-11-26 12:22:39.215406
187,0,16ff8f9737c6cabbc650a7f2a0dfce2de0193415,WEB15711131661916,vedoc,2021-11-26 12:22:39.216002
188,0,f601a9882e94d347d06f941bdb022a4aafb64ae2,NMB54295891596434,vedoc,2021-11-26 12:22:39.216563
189,0,e5ab613e09f45c8bd13711a4be5e36f8386977ff,W1T94110442710354,vedoc,2021-11-26 12:22:39.217161
190,0,16cd8acde296a6d7a3ed86b7343da805c86d222b,W1T29111172364822,vedoc,2021-11-26 12:22:39.217722
191,0,08d982a570d9f9260d39eff4236e837fc7975cc2,NMB48051423370057,vedoc,2021-11-26 12:22:39.218334
192,0,ec5dcf15248b949e04f4619f09da7f4d54052b6c,WEB58983495409038,vedoc,2021-11-26 12:22:39.218894
193,0,bc15b6297e80226461940148c48b4a219ed1d832,W1T50280144915574,vedoc,2021-11-26 12:22:39.219528
194,0,45233f27cc9a1d9f78bdbd3fc44c5f2c0e4465e3,NMB46535369670595,vedoc,2021-11-26 12:22:39.220115
195,0,9275d467d2b0aef9133488320e1d57dafcfef579,W1T77844727847452,vedoc,2021-11-26 12:22:39.220709
196,0,933b86a6545261756d21171662e3564ac3607035,WEB60078635232681,vedoc,2021-11-26 12:22:39.221290
197,0,d78130213a0b9ce5886a6160ece6e25899d3f275,W1T72914925749306,vedoc,2021-11-26 12:22:39.221882
198,0,176c44fb435ee7a2ef5b58512a9f0a05a2974c3c,WDB95374723922474,vedoc,2021-11-26 12:22:39.222485
199,0,9197101097ac8a84f8bece9f65f13861951e37b2,WDB64784317986685,vedoc,2021-11-26 12:22:39.223088
200,0,d4743dc3ae55817f60c10408da214fa45d5f3192,W1T46353155614421,vedoc,2021-11-26 12:22:39.223750
201,0,ed1d59777b523b4ec2280adffc23fc9b2566fc2b,WEB46621125785635,vedoc,2021-11-26 12:22:39.224326
202,0,5e001b6fd94922709a5f23c881c737fe28668b3e,WDB51365356505806,vedoc,2021-11-26 12:22:39.224951
203,0,e741fd125e3644393b4e4faaa311da24f58b59b0,WEB75879323918209,vedoc,2021-11-26 12:22:39.225532
204,0,e51f7707904d0886349ae33bc09dc0800ecbb5a5,NMB53936288933435,vedoc,2021-11-26 12:22:39.226129
205,0,384551d357f81c97708466f01052b2010ffd93c8,WDB93235870874520,vedoc,2021-11-26 12:22:39.226710
206,0,74c65a6966fcf7359d11c3727d29c24fa3bfb2cc,W1T87063238215746,vedoc,2021-11-26 12:22:39.227299
207,0,ac7f183ea8bc65cffe436f0a1eecc9ea24222af1,WDB63883626217463,vedoc,2021-11-26 12:22:39.227923
208,0,65a1d9ad7e7b1c5370f72b459ddb0ba27e8b9fa0,W1T62221705747126,vedoc,2021-11-26 12:22:39.228493
209,0,7df7fa5b82242cace80bba0852e1554e78bf0235,WDB58486181519836,vedoc,2021-11-26 12:22:39.229093
210,0,ea82e4c346c9b9d0bb7c0b6a7b79df4d778c6381,NMB73188755928785,vedoc,2021-11-26 12:22:39.229655
211,0,e1585d42b21568b3bca44e6d9317d885a7215012,WDB22332639481138,vedoc,2021-11-26 12:22:39.230259
212,0,ed267f261b44b4371a9f2a9f5daa78619d0b4830,WEB48146840239386,vedoc,2021-11-26 12:22:39.230815
213,0,c39e80a01bf08d3fc6f4c012541c3359bf4e686f,WEB73202149297130,vedoc,2021-11-26 12:22:39.231425
214,0,0582ecc63cbe93460e732a7a1aa17734556eba8c,WDB20041324946801,vedoc,2021-11-26 12:22:39.232034
215,0,8915f7ad2d124607d71c8423a3f40d43c4bef634,WDB69074498283216,vedoc,2021-11-26 12:22:39.232678
216,0,8196e3af28aa95f932b1e4a992b98d0af1aba2d4,WDB97369682217575,vedoc,2021-11-26 12:22:39.233289
217,0,67a7de8e65181e349c79708cf5838a09dc33890a,WEB62608084530503,vedoc,2021-11-26 12:22:39.233865
218,0,e0f2f2457872e829d34e4bbb28e3e35465d2fb67,WDB25068425467048,vedoc,2021-11-26 12:22:39.234471
219,0,7cdec1dbac5d94b4284673ef7c8a435caada71e6,NMB32370763079682,vedoc,2021-11-26 12:22:39.235048
220,0,f711fe5257cfd2c9074f843846efd132fd4dedad,WEB49748372122574,vedoc,2021-11-26 12:22:39.235677
221,0,965652f56581c680fc709d38d5c918294a34fbc8,W1T40651753421578,vedoc,2021-11-26 12:22:39.236237
222,0,17ddcb6faef247bf2edd6c29d0b5924e5cf036a1,WDB79472097645510,vedoc,2021-11-26 12:22:39.236845
223,0,74be68b8352d5bc2b2a0a34c866a404bc0ef82c3,WEB82990157824105,vedoc,2021-11-26 12:22:39.237402
224,0,f36b176f5b325bba63d561904c8f5c5cc581001e,WEB61519228610707,vedoc,2021-11-26 12:22:39.237997
225,0,6f56bdf40a68a56922197dd774d25aad2655ac72,NMB74601920011870,vedoc,2021-11-26 12:22:39.238565
226,0,df424a75f2cb9174ad3ff5b71e318381474273ee,W1T83110583108480,vedoc,2021-11-26 12:22:39.239137
227,0,727a9286382fca451106eca10d7089af8537bdea,NMB70292798789999,vedoc,2021-11-26 12:22:39.239737
228,0,78cd56f5fe1eb4e2bf873616d52c33b84f528e11,WDB10503953260521,vedoc,2021-11-26 12:22:39.240307
229,0,cfbbfcc604949defdd39bbd55fb04f0a165fd0bf,WDB27791252967472,vedoc,2021-11-26 12:22:39.240885
230,0,167b3d459fc787a703a4a62ef996da048446bfc1,NMB57650908569102,vedoc,2021-11-26 12:22:39.241445
231,0,260ec65453c58ba9f443325b5e04c4796d5efbaa,WDB57094500721383,vedoc,2021-11-26 12:22:39.242024
232,0,27108a10c2f911077d66b740bdfdf13a48fbe294,W1T78013383284513,vedoc,2021-11-26 12:22:39.242584
233,0,042f07950969e6520875fbd84293c0feae02b88a,W1T72091073616360,vedoc,2021-11-26 12:22:39.243173
234,0,e802c1a60095b242debdd366c5de902a989353f0,W1T75247790899435,vedoc,2021-11-26 12:22:39.243783
235,0,9061bfedc71d0bc23314102f864e58742d2f1549,WEB49705360158290,vedoc,2021-11-26 12:22:39.244373
236,0,ade3f9f4411fbf0a1ed5b287655008359a084361,WDB86344144794649,vedoc,2021-11-26 12:22:39.244937
237,0,a0e521d251e8c2d17369d35753291c66aff3d638,NMB57743610998203,vedoc,2021-11-26 12:22:39.245522
238,0,d0b9a15f14b6b0a3d8da391e3306f4b73ab7513d,W1T15912175835377,vedoc,2021-11-26 12:22:39.246072
239,0,1f63a8d45236d8862d16c49468c41d2da402c6d3,WDB85739092866608,vedoc,2021-11-26 12:22:39.246655
240,0,00ec5f687e2fbdca962f6522905f0c3716aae470,NMB80396391025398,vedoc,2021-11-26 12:22:39.247207
241,0,b03e5d6514910197cf3cff2393f35257c47466df,NMB32072818420545,vedoc,2021-11-26 12:22:39.247812
242,0,67d9561d15003e9e80da4a60313d3a5a03b3da16,WEB94372380147304,vedoc,2021-11-26 12:22:39.248380
243,0,aa5e46ee3881fc2716a4d47df98ca6e46729651f,WDB61652380466139,vedoc,2021-11-26 12:22:39.248950
244,0,db756e97b13a2e55623ef5a19ae4a8eacbfff431,W1T14114225950137,vedoc,2021-11-26 12:22:39.249526
245,0,708cac2bd86d57ed761c7179560e4e4dac233405,WDB52029786085800,vedoc,2021-11-26 12:22:39.250085
246,0,1bfa4d574b7a8a5f991193099bcacdbc03c2955f,NMB87558327145933,vedoc,2021-11-26 12:22:39.250659
247,0,4bef6dc6430a7a3cd7dad472a735309d2c1daa38,WEB67921678622318,vedoc,2021-11-26 12:22:39.251224
248,0,7e66332bed230d5b3968e99f528683160b1cb8c6,W1T56401077809245,vedoc,2021-11-26 12:22:39.251837
249,0,fb69ec4981c34392ff3cd437b020dfa78f2baad4,WEB91332184832372,vedoc,2021-11-26 12:22:39.252396
250,0,0a53b1a43cf294671a90f20c8d9c4054ad94a747,WDB19541968144805,vedoc,2021-11-26 12:22:39.252978
251,0,8b95dc5e5dc3dfb9465dfc2c2a0a3b9ccefd7bd1,NMB95308052202666,vedoc,2021-11-26 12:22:39.253534
252,0,e6759930bf5dcb0733c5aabbad549a898a0472da,WDB41028177719165,vedoc,2021-11-26 12:22:39.254721
253,0,a8b6578d04a2a6e47154d45557143dac9193cdc6,W1T40853446195126,vedoc,2021-11-26 12:22:39.255337
254,0,02f07d114618a8f2bb3f49522a29b4af35f74b49,W1T77292442102419,vedoc,2021-11-26 12:22:39.255930
255,0,abc15c1e8f954add059bb29c8792eecaac852c84,WEB89368702562927,vedoc,2021-11-26 12:22:39.256509
256,0,d7ad230b979f60c96a6477fac5ae136849c7dfc5,WDB15364831417731,vedoc,2021-11-26 12:22:39.257081
257,0,ef2722b6a2201e570d9c356ce31f92f07161f31e,NMB93447192448036,vedoc,2021-11-26 12:22:39.257642
258,0,86d948178da19a52dbdb2c79981e4151b9a91526,WEB73253785871593,vedoc,2021-11-26 12:22:39.258213
259,0,c23e7a5685f0ed3692527f71d7860b605c168d4f,W1T45624948667139,vedoc,2021-11-26 12:22:39.258777
260,0,b6f06b480e842a40654aba4dbf57b045df6bcb21,W1T88502589653130,vedoc,2021-11-26 12:22:39.259354
261,0,d13c4b26c77010db2309579cf91be42078d524f5,WEB91858418415023,vedoc,2021-11-26 12:22:39.259942
262,0,ef546f6080556021ed382d2458209f238439c93d,WEB23781408488335,vedoc,2021-11-26 12:22:39.260527
263,0,eed26fbdcbffaa8857d39313c26e0678cdde999a,WEB91474667409055,vedoc,2021-11-26 12:22:39.261093
264,0,972a0a0d9ac89c02f00a61d80eea06585de0314d,WEB63529387950384,vedoc,2021-11-26 12:22:39.261680
265,0,839b5363c1f2d156b4083e2a985ac5b7bee0338c,WEB13566420598868,vedoc,2021-11-26 12:22:39.262237
266,0,202347ccd6dd95b8a93f9085d039e49db1a36d5c,W1T25800568766823,vedoc,2021-11-26 12:22:39.262842
267,0,2f2a1c6d3bb09dc60dda91506db3b6421b75ace0,W1T20193809865202,vedoc,2021-11-26 12:22:39.263396
268,0,d74d1fbbb5ae088d2622dc2f670e07d1e234b3e3,NMB14264292803256,vedoc,2021-11-26 12:22:39.264007
269,0,4061fc55b704e30092f1c5dd84f681506a7e601f,WEB65343161598951,vedoc,2021-11-26 12:22:39.264560
270,0,61d8833465471743d6183e9eae0af165e910a8fc,W1T89988718526743,vedoc,2021-11-26 12:22:39.265154
271,0,ba603473198565b3a9e9cfedf7b044a28656f0a8,NMB72344209803907,vedoc,2021-11-26 12:22:39.265717
272,0,2f7b85e81ac6bb58a0fd49aafc75d27495be4c80,WDB12124059592712,vedoc,2021-11-26 12:22:39.266291
273,0,8781807611f067c11128f6df9e01898ac9e6b4f7,WDB55750311594623,vedoc,2021-11-26 12:22:39.266860
274,0,8e87ca5ff59a5d0a94711234a53364d97691be5b,W1T28382849920443,vedoc,2021-11-26 12:22:39.267423
275,0,70b943f92a2810a66873400db34195ada4c65201,WEB52473693966207,vedoc,2021-11-26 12:22:39.268021
276,0,1adc367d32dec427ef6107bbbe8f3dd57872ba35,W1T77568504632718,vedoc,2021-11-26 12:22:39.268582
277,0,e353720bc6f3bccb7f62afc3c43c1a5710695991,NMB56309403508880,vedoc,2021-11-26 12:22:39.269160
278,0,8cf4dc17a3daab60e4332927241210efcdbcd2cb,WDB50908919851465,vedoc,2021-11-26 12:22:39.269721
279,0,24c04a41abfc8b216ad2cf1a26d818ed21ae2f3c,W1T32851337931431,vedoc,2021-11-26 12:22:39.270307
280,0,f80ad4987229564813038f7d11cf768a367de5d7,WEB89095363222633,vedoc,2021-11-26 12:22:39.270870
281,0,f75327b1cff92ff80dac8c868eb61175c956e2e4,WDB50574950712846,vedoc,2021-11-26 12:22:39.271451
282,0,b4df1b4faf85138f4280b30482830c93a11227ac,NMB47845326537608,vedoc,2021-11-26 12:22:39.272030
283,0,eb734df5b57f200ee3d4b73b77195be74e58a043,WEB93654034433516,vedoc,2021-11-26 12:22:39.272610
284,0,b9f33ec73fc7002676e02149bdea8bd2819687be,WDB85905662431409,vedoc,2021-11-26 12:22:39.273165
285,0,b58dd94cae336adbc49e6f15b13f8c1cf0d6b3a1,W1T59836308363695,vedoc,2021-11-26 12:22:39.273752
286,0,0d3708cdb523dc265e498cf6d2174239a70d2b7e,NMB48194956395778,vedoc,2021-11-26 12:22:39.274307
287,0,cdc2c8c84f8c3897612804ceee7f0931db6e0f9a,W1T54058290246357,vedoc,2021-11-26 12:22:39.274896
288,0,76683e22d554bf556ac7a4b8909b8c91e2d9e4af,NMB62208002661876,vedoc,2021-11-26 12:22:39.275531
289,0,b2ac9e9751c7060d4d82634e25def029900b6df0,W1T94299307726332,vedoc,2021-11-26 12:22:39.276115
290,0,8ae8f9db717d134d55efff5f8918a318c921ae2f,WDB67032992276063,vedoc,2021-11-26 12:22:39.276686
291,0,31331aa1b55ccfcf1598adc9a9cd5aa0fdddbe47,WDB75619285356480,vedoc,2021-11-26 12:22:39.277250
292,0,b48b6f607b99d4c202a24f92b43effe90c347b53,W1T88310946630808,vedoc,2021-11-26 12:22:39.277828
293,0,0db99e393ff3bad449104b804c76ead7453f2fe5,NMB59749042636945,vedoc,2021-11-26 12:22:39.278393
294,0,3123bda5939157c24d95110d5173e059a15d8205,NMB63629344576450,vedoc,2021-11-26 12:22:39.278976
295,0,b0211c885c88c227dd0ab202cd121ca6fc72a17f,W1T93529856420377,vedoc,2021-11-26 12:22:39.279579
296,0,7dce7d032578e0b75f565f14b6aced347bb5aaec,WEB47702265151835,vedoc,2021-11-26 12:22:39.280174
297,0,06b21d988b2b33f48c05869bd2a9aad7dfc82885,WDB25403298321298,vedoc,2021-11-26 12:22:39.280729
298,0,fa87cc2bb3287f05fc4287ab77c9f90a9a41e9bf,NMB90915579842436,vedoc,2021-11-26 12:22:39.281314
299,0,6a7940309332124556a6be7363a94c6f679634de,W1T56137327859645,vedoc,2021-11-26 12:22:39.281867
300,0,fdbd812990a65504bf2ab6047acc195f91f0a864,NMB83825662188895,vedoc,2021-11-26 12:22:39.282447
301,0,f18943988cb073d978b99a6bd0e038e67ec51529,WDB92441314043008,vedoc,2021-11-26 12:22:39.282998
302,0,412635ec4326c1b56e5c661d8859350780213560,NMB29039085028943,vedoc,2021-11-26 12:22:39.283605
303,0,571d6bcda6d7e4f682fd8de8673f36a14246c304,W1T41108844275544,vedoc,2021-11-26 12:22:39.284162
304,0,680a2567f544f434c6fe51b95aa310c5f503c892,WEB32328699581060,vedoc,2021-11-26 12:22:39.284749
305,0,c46f811220b29c8d966fb215c2c9a2a574614e8d,WDB47565043158528,vedoc,2021-11-26 12:22:39.285326
306,0,b9c7d0393f283efe706d5eb02ea38c6638d6726c,WEB48960614220067,vedoc,2021-11-26 12:22:39.285898
307,0,143aa5fc6c6e607cd3365fd8b7c302dd8805e5f9,WEB49393051335566,vedoc,2021-11-26 12:22:39.286478
308,0,6178967e58ad2eb4c0b2b05f9f578658f213aa7c,WEB69534365810155,vedoc,2021-11-26 12:22:39.287044
309,0,a4d8da2daf2048fc08363cf052f09469a4a8c290,WDB18948347278387,vedoc,2021-11-26 12:22:39.287637
310,0,ccac804beaddae6719c4777c32ddfa68b863d4ae,WEB67242318279175,vedoc,2021-11-26 12:22:39.288204
311,0,bdec0fdcc016bb4313ef1d6c0810e3c42eb6536f,NMB43549756783771,vedoc,2021-11-26 12:22:39.288798
312,0,8374f86b6ab15cd0886a7968caef7baa9c7bd61e,WEB58252532208356,vedoc,2021-11-26 12:22:39.289518
313,0,76a0ad26dec878f7ea3db1bc1e84e3ea181d7322,W1T43398653177068,vedoc,2021-11-26 12:22:39.290264
314,0,25c8f983c22a393263c95b6a18060ef8d4bfcad1,WEB23435172867954,vedoc,2021-11-26 12:22:39.290825
315,0,e780cb66364972742009fd865c7fd39a03a1ecdf,WEB46936534672168,vedoc,2021-11-26 12:22:39.291378
316,0,13f08d6e05f56401b87a53c21bf9934f17a6e305,W1T60638707037138,vedoc,2021-11-26 12:22:39.291978
317,0,d7459dc952e7832d7b3cd2f0dad2e4103fa5a4d6,WEB85123716180867,vedoc,2021-11-26 12:22:39.292533
318,0,192ed0e8c3ea59961f4da96b850f7b65fe445b1b,WDB26768989614268,vedoc,2021-11-26 12:22:39.293131
319,0,34f3a3dd065a40e5378225dd4837269d0a93c630,W1T64961803100162,vedoc,2021-11-26 12:22:39.293707
320,0,b110a4c9864b429ed952d36a24b1c20212fe65d1,WDB64202739953106,vedoc,2021-11-26 12:22:39.294259
321,0,fff5e3b57e4637489ad199b2793d9b4cf771d65c,WEB44427941409731,vedoc,2021-11-26 12:22:39.294816
322,0,b26c304dbf6c07d9909466cfc9e23eb3a4ddd204,WDB47564871860282,vedoc,2021-11-26 12:22:39.295397
323,0,e99a2bcda4528ed5ace5088e68b89ea72416cf8d,WEB75608317589571,vedoc,2021-11-26 12:22:39.296115
324,0,a6052a6c7ee472e76ff08566a440ea53ad058a52,NMB57245777102047,vedoc,2021-11-26 12:22:39.296816
325,0,25f150692ce1776cbd34d7449acc0f1898b6f192,WEB72110940424352,vedoc,2021-11-26 12:22:39.297446
326,0,8ea266ca19507a4f551d27cac9407ced0494d792,W1T71905907036442,vedoc,2021-11-26 12:22:39.298004
327,0,6cb2a05fa5378a1ff3827a9db428afaf1cf3c3ee,NMB63209848145305,vedoc,2021-11-26 12:22:39.298552
328,0,ca2b8f14947844ea48aa1a0f62b991261293e589,NMB56275923439166,vedoc,2021-11-26 12:22:39.299097
329,0,044224198bd1d99122559fe678918d3d2fcb50a0,W1T64245492089817,vedoc,2021-11-26 12:22:39.299764
330,0,80491f826632c4e01cea7e6d20551cbc5d1088fa,WDB48171558415910,vedoc,2021-11-26 12:22:39.300323
331,0,9e0f79d16f59bcc196dd0cb098830be7333cda8f,NMB76910459867043,vedoc,2021-11-26 12:22:39.300868
332,0,364b21d473a150b47210fbcf62925e42c8d5a14c,WDB52023829824763,vedoc,2021-11-26 12:22:39.301412
333,0,feba518dc9522cee696b228a3343e92771e638d1,W1T91310324314497,vedoc,2021-11-26 12:22:39.301953
334,0,ba87a24d27d7f5c6d2e0b7b55001cf43eb0ae3f9,WEB88998840436035,vedoc,2021-11-26 12:22:39.302496
335,0,83a50aa5fcc1c89614b0b4859dc43ba9fba6c4a1,WEB28444563894252,vedoc,2021-11-26 12:22:39.303044
336,0,055c926b8346b9ecead74bff9e95fcdded3f86ac,WDB16281314400967,vedoc,2021-11-26 12:22:39.303624
337,0,b2b0a74eb4adcef06a07bf2339aeca1192cee4e2,NMB92637936204256,vedoc,2021-11-26 12:22:39.304192
338,0,a40c08d438ed853d64f0dd3a84e876c1f2068316,W1T86481391854787,vedoc,2021-11-26 12:22:39.304747
339,0,d1e1a6c8542d60fc56158646bf84ab4b0c4c3d69,W1T70011275030626,vedoc,2021-11-26 12:22:39.305327
340,0,45a585430ef69a3ff00de9e9273b8f5e6c5cdfde,W1T54121858918789,vedoc,2021-11-26 12:22:39.306029
341,0,e5c69d7025bdda155d8bf5ca5cae39ceb1e01d12,NMB67690949984300,vedoc,2021-11-26 12:22:39.306594
342,0,1b0be6ca4358c6fffcbeea7022494f4432706b9e,WDB66585985760930,vedoc,2021-11-26 12:22:39.307144
343,0,9df0eef9f38cbe96a955f9e1f177cc2c4d9bfcb6,WEB87921857141563,vedoc,2021-11-26 12:22:39.307728
344,0,f60349d2d0972549ddb6414c0c7766caac798740,WEB28237982371718,vedoc,2021-11-26 12:22:39.308343
345,0,fe60cd6078f860e80f2dcc46451838dd6ef37159,WDB68940867868987,vedoc,2021-11-26 12:22:39.308930
346,0,b18a57cacaf5e9bb17d9672a1984e5df70cdf3ae,WEB20274554901015,vedoc,2021-11-26 12:22:39.309488
347,0,4c0b74f163cff22e24080a6472e7dc87c42a288c,WDB13352840392563,vedoc,2021-11-26 12:22:39.310041
348,0,5b7821996bf11c047b3b47a67b42830e43827c8e,NMB72637911347611,vedoc,2021-11-26 12:22:39.310609
349,0,17b456beb1cc899c81cc3295c98023ff730eeb2e,W1T74956639601567,vedoc,2021-11-26 12:22:39.311273
350,0,af1b63f71e3e858310b357da44a4f1d5ca1e2d15,W1T11203019098330,vedoc,2021-11-26 12:22:39.311896
351,0,cee6058156d6cc486241ee5d3e120ffcc950cfc9,WDB67889039536217,vedoc,2021-11-26 12:22:39.312452
352,0,480af13ad678a13edd627f39f71d07661dfc14c7,NMB79305395660883,vedoc,2021-11-26 12:22:39.312997
353,0,dc3ef0caacd4deecc8baaa9cc6df2ebc6d76e4d7,WDB12615219228418,vedoc,2021-11-26 12:22:39.313548
354,0,c3b280708aded6b695c4ebb365c19918848864e2,WEB48273144747872,vedoc,2021-11-26 12:22:39.314151
355,0,2ba682c5f0a062a58136c85e57dec5cbfe5933d3,NMB65556334418814,vedoc,2021-11-26 12:22:39.314728
356,0,5825def6132a46738d8eaaa930dad8c3549452b8,WEB84384766030319,vedoc,2021-11-26 12:22:39.315300
357,0,6bc7a9d3653a7dae6b6cf3a5c2a1d6daefe847a7,NMB74012166612407,vedoc,2021-11-26 12:22:39.315892
358,0,7aa59986da13168108756bf9ac2d70388ffaa3c7,WDB17923722302625,vedoc,2021-11-26 12:22:39.316601
359,0,a9277d79439af0632540c99eb1346e2462d401e4,W1T79284647924366,vedoc,2021-11-26 12:22:39.317209
360,0,1fc8a1a52e28d5a45e463892c86231022d7eff26,WEB76115391801302,vedoc,2021-11-26 12:22:39.317801
361,0,4ea60de40b66bb729b229c6fba7b32c1650932dc,WDB84682480100671,vedoc,2021-11-26 12:22:39.318413
362,0,2dbc7847a1155407a4a672915c462e34467dc053,NMB64520205131508,vedoc,2021-11-26 12:22:39.319002
363,0,5ca927f8a2508fd4fbb979df88cfb24318f18c64,WDB90620792873670,vedoc,2021-11-26 12:22:39.319626
364,0,a33aacbc063639509ec44f22ff9434988a32520c,WDB94032851231345,vedoc,2021-11-26 12:22:39.320221
365,0,d8033c8515e9037d7239761ceb637b121ebd17af,WDB78569397130938,vedoc,2021-11-26 12:22:39.320791
366,0,349c5d0ec2f179100b20cc07b723bcc5bed7730a,NMB80333623329796,vedoc,2021-11-26 12:22:39.321362
367,0,ef1f9b966b483ce0921eaf284df6578519300d03,NMB74191791444586,vedoc,2021-11-26 12:22:39.322055
368,0,67f4f664d72227b97a1ef8bd334bacfe2ee6756b,NMB76086269610386,vedoc,2021-11-26 12:22:39.322666
369,0,071e08ca19f5e1ddb35f7048a4343c15f64003cd,WDB99577863769978,vedoc,2021-11-26 12:22:39.323248
370,0,142699c9f0ee598ee5c27e73072da4cc0dffff63,W1T74027035082816,vedoc,2021-11-26 12:22:39.323851
371,0,14be2aefcfdd2a6f4e73e6a8f71ea9cc2bc6540c,NMB94383122167332,vedoc,2021-11-26 12:22:39.324439
372,0,ab83a78cde45fd43bb4f8b45cd4891e825458532,WEB36127895165833,vedoc,2021-11-26 12:22:39.325005
373,0,8e3b8efe6789ae2c7058083f99b957bcb502df5b,W1T13053798878442,vedoc,2021-11-26 12:22:39.325593
374,0,81ced09fa16bb0f4dcb076c54d51843908cc716d,WDB63895351217266,vedoc,2021-11-26 12:22:39.326151
375,0,fb3f05130cfff6a8cc5dbd1e029ae6a1b897c522,WDB64040093682205,vedoc,2021-11-26 12:22:39.326739
376,0,f53a86a8d4743b8015fbcd12bd58a4f3f06d3be8,WEB61959138006626,vedoc,2021-11-26 12:22:39.327514
377,0,6973a74e0824eccd7ac40e8e4d8217b32b53518f,WEB88355400908145,vedoc,2021-11-26 12:22:39.328131
378,0,b4c5c4262c2fa66a5156fb5830144c1fa29144a3,WDB37698593449593,vedoc,2021-11-26 12:22:39.328692
379,0,0e3213d2d159cb786dfbb6bc2370141c15ac4d0a,W1T78302536616888,vedoc,2021-11-26 12:22:39.329243
380,0,e573524210a05080937d703c6412601cf9baff9c,WEB58517638938941,vedoc,2021-11-26 12:22:39.329792
381,0,b67f62b44719a40d56cb4f4ec449b76f87970f56,WDB53371429331330,vedoc,2021-11-26 12:22:39.330389
382,0,cf98f3a680bd793878e33ae67008eb93b1cb9d74,NMB26186144147288,vedoc,2021-11-26 12:22:39.330947
383,0,a76fc3c4863d5ea820ac58bed8b96594b643871d,W1T20906106994560,vedoc,2021-11-26 12:22:39.331521
384,0,86fe80263ee66aae53f43450ab682696232a9ef9,NMB41183326751189,vedoc,2021-11-26 12:22:39.332110
385,0,385770cf49f7292e8767338741ceb6c382a48e61,NMB51770054164375,vedoc,2021-11-26 12:22:39.332823
386,0,5f1fee7b0d3d68a82c4f3197540a1833193f740f,W1T67469030136596,vedoc,2021-11-26 12:22:39.333517
387,0,28ed658b476d072e85541024d1d4d87de2c11a08,NMB95325672127613,vedoc,2021-11-26 12:22:39.334079
388,0,83032f0dd464e383e1cc338cc2716fc54a909f45,WDB48634445755880,vedoc,2021-11-26 12:22:39.334632
389,0,762010ade50ff8d5be9a3794c24a74a94720dfca,NMB11289091283782,vedoc,2021-11-26 12:22:39.335190
390,0,912ebbcef5cc9a880e8a70e0d3619d667034b743,W1T99614701493958,vedoc,2021-11-26 12:22:39.335787
391,0,0e31bc34927355d9e9cc5d476d932ccf7e0930e1,WEB36682635894041,vedoc,2021-11-26 12:22:39.336350
392,0,01069755de3f354274a4745fac61363fd1ad3b4e,WDB74272103690999,vedoc,2021-11-26 12:22:39.336907
393,0,c1ea1c82dca8d6d25d91ad47f02696f7ecadee19,WDB55237268345320,vedoc,2021-11-26 12:22:39.337470
394,0,dad9716cd65e33fcd41b0c4f790217988091b6ce,WEB37895016015571,vedoc,2021-11-26 12:22:39.338022
395,0,705f8553eda5f137b9681baf844c3d8700eda8c0,W1T99649061460893,vedoc,2021-11-26 12:22:39.338770
396,0,33cadfa02473d601536cc022ff3c1694ae3b4031,WEB10407825075283,vedoc,2021-11-26 12:22:39.339343
397,0,2896855941ad1b04453d955d35882c30098e36a3,WEB43800996951988,vedoc,2021-11-26 12:22:39.339940
398,0,5f820c6764b9e0e38e0da3a7c0b41c2fa2ee265e,WDB36383384435009,vedoc,2021-11-26 12:22:39.340590
399,0,f50db4f3cd25f1ea4fb8cedfbb20a6376f3fc740,WEB82825994383293,vedoc,2021-11-26 12:22:39.341177
400,0,82d59bde4625863f84da914d4f6564907af3d568,NMB42889735536602,vedoc,2021-11-26 12:22:39.341759
401,0,86e520aa9a6b1d0784b0ea3ea9691fc29177edbf,WDB11097261318776,vedoc,2021-11-26 12:22:39.342306
402,0,c0dc21ff18421f39b4d44b02c6e19895a0427881,NMB55300780712238,vedoc,2021-11-26 12:22:39.342856
403,0,8b50a6f57b24387e4ad7fe044897bdd0a3031974,WDB21395824152104,vedoc,2021-11-26 12:22:39.343403
404,0,597e893e8130e8da789ec9705ac10150cf67b16c,WEB97660119146295,vedoc,2021-11-26 12:22:39.343993
405,0,9f94e80bc636b844b456bded4e33fe3c0e7d448e,WEB37379629070027,vedoc,2021-11-26 12:22:39.344542
406,0,19245e9fc3b29d054d5a5985e4feab03dc88beb0,NMB65195209702916,vedoc,2021-11-26 12:22:39.345099
407,0,93b22f586ef30372c776d94fdc588fc79ec4cb9d,W1T29978343366282,vedoc,2021-11-26 12:22:39.345653
408,0,0432ab9fe19712661c71e22ee505230791c796ad,NMB72928595968888,vedoc,2021-11-26 12:22:39.346205
409,0,e247af3a6222ec65de40751bd2ec3d90a9f695b1,WEB76377993247861,vedoc,2021-11-26 12:22:39.346774
410,0,9871b079b99400a2f0e6361ad6d4bad31da31713,W1T82555719043843,vedoc,2021-11-26 12:22:39.347536
411,0,4e3639789c1fcb8f008496b6c1455459a17146aa,WDB45600108118089,vedoc,2021-11-26 12:22:39.348124
412,0,c4a16b8fd8751264333581c9b3a7a5d71636733a,WDB81949956077542,vedoc,2021-11-26 12:22:39.348676
413,0,fc036bd4d5409fc9f13a5233004f9ce63dd335a7,WEB93242568855045,vedoc,2021-11-26 12:22:39.349221
414,0,83d9882ae27f41f63b116f32af4220e8a0a58446,WEB69676024098392,vedoc,2021-11-26 12:22:39.349768
415,0,447e6f4ade92303e03c735ff406dd43092006453,WEB90442946702930,vedoc,2021-11-26 12:22:39.350381
416,0,61f4de5cb6d4f2619613a7c8c0ccf48a632a3e4f,WEB28075534435470,vedoc,2021-11-26 12:22:39.351009
417,0,dcdcea9cfcf48214c6b9abee52efc521b710215a,W1T53315104896720,vedoc,2021-11-26 12:22:39.351628
418,0,8acf75692fcce3e4856b69cbcf0247f26625c6a6,WEB87779054298369,vedoc,2021-11-26 12:22:39.352189
419,0,90b0e5f39edf76eedd0a2153776c9a12891cde07,W1T46176722994033,vedoc,2021-11-26 12:22:39.352745
420,0,66753371792535265b2afc910354b13f004af5f1,WDB74255639650268,vedoc,2021-11-26 12:22:39.353298
421,0,a46a518c2d2163c37d9689a8d52b0bef1ef33d60,WEB43834042774501,vedoc,2021-11-26 12:22:39.353854
422,0,0c4d44e4558373feae0165d84b79d69bb1c9f786,W1T32606446004629,vedoc,2021-11-26 12:22:39.354408
423,0,fbb6e56c5778cd33d2b56b9437f4578a142dbd52,NMB54262690518722,vedoc,2021-11-26 12:22:39.354970
424,0,a8401fd7cbf6ef2618305db62b84122717d62e58,WEB95570929789788,vedoc,2021-11-26 12:22:39.355553
425,0,622f11b2ae9c9c02dbc55b4a2085e665c4cef4b2,WDB47139503886394,vedoc,2021-11-26 12:22:39.356119
426,0,cc4f6151d19e5eaafab93624f8755bcafb4394d7,WEB22346341646234,vedoc,2021-11-26 12:22:39.356898
427,0,11c022b3cea809a9fd36bf8baf7a071a9e21998f,WEB61096822873696,vedoc,2021-11-26 12:22:39.357483
428,0,c4765ca9f939efe83d236ebd0773cec23587c6ff,WDB10836265158522,vedoc,2021-11-26 12:22:39.358039
429,0,6f0b3945998b93cec70cb61dc80459d4c7c69697,WDB66423310979449,vedoc,2021-11-26 12:22:39.358589
430,0,1a060bd5bcd5e48a99cca5ec202bf2d535024393,NMB21050253684912,vedoc,2021-11-26 12:22:39.359138
431,0,cf34d779d642e7f152142bb7ff4f2b3310d688b3,WDB25695279801966,vedoc,2021-11-26 12:22:39.359732
432,0,e12ae06445576aff40076107ed81bd121ae5d638,W1T66189200853258,vedoc,2021-11-26 12:22:39.360295
433,0,98f2ba1b960b88fa184414adbfec6461e4aa1a7b,W1T14827799429810,vedoc,2021-11-26 12:22:39.360855
434,0,9f4a6ec1cd0609b29e55b047d6ef9e982396cef2,NMB16540653251577,vedoc,2021-11-26 12:22:39.361461
435,0,b3651d10110dbd1496c0827d2f6782992bf62f07,NMB16682063036127,vedoc,2021-11-26 12:22:39.362017
436,0,032ed715f8e852f6e3e96d460c1ef65b8769ba32,WEB71342503677742,vedoc,2021-11-26 12:22:39.362561
437,0,ffe38fba3fde769260d7c30a63edee14e57ee80e,NMB31881944007447,vedoc,2021-11-26 12:22:39.363102
438,0,5ddd862e7b20da6eaa76bc2b17f7fbc7638988c3,W1T77682586046395,vedoc,2021-11-26 12:22:39.363680
439,0,13b02bf188baa847c4434dbaf0baf8f8cc2e1f07,WEB58115860772422,vedoc,2021-11-26 12:22:39.364238
440,0,558a9ccf5a0f97d717a7fb3ab8fc0e4a7cc63afc,NMB16419604628646,vedoc,2021-11-26 12:22:39.364788
441,0,1d6e10d6c2d72bd52b56f790dec5a4f4f7162ef3,W1T91367918742012,vedoc,2021-11-26 12:22:39.365346
442,0,cb98ade8cd1f8a9e6d66cf3fcb06566bdae111d4,WEB10957057000513,vedoc,2021-11-26 12:22:39.365891
443,0,62ca5e96a390cf05aa86e5bc2128691483f24308,NMB68938540663769,vedoc,2021-11-26 12:22:39.366440
444,0,1463b3e103ffdd0a015754a2ee2496b589ac6f13,WDB17777585978238,vedoc,2021-11-26 12:22:39.366985
445,0,1a9c2f4bfe680c00aaf1320700b006100e4b2958,WEB67673730804214,vedoc,2021-11-26 12:22:39.367559
446,0,34358257794fc59e53683946d7e121678e710dae,NMB35363500444331,vedoc,2021-11-26 12:22:39.368125
447,0,dea48f8b7cfe4ac4e9fd2773aecf2e9b0f796db3,WDB65712506250090,vedoc,2021-11-26 12:22:39.368674
448,0,604c9676e8d52fd79cf1843d09deda0ddc378e21,W1T84315960638167,vedoc,2021-11-26 12:22:39.369224
449,0,37aedebe2b71b332b09a9c9aa6fffa0690a35213,W1T41800966268291,vedoc,2021-11-26 12:22:39.369775
450,0,22825d08d3218cb0ac6f1637e8d48dc80d08a4cf,NMB13893965899050,vedoc,2021-11-26 12:22:39.370321
451,0,b5d75e26352dd3fbed3428b8c29de8c05bb79d86,NMB29768604613399,vedoc,2021-11-26 12:22:39.370867
452,0,9f7f8833504d0eefc26678da879630ea9fb8ac20,W1T85917960042243,vedoc,2021-11-26 12:22:39.371415
453,0,4c188b60b94d057cf2a03db83cec8ca323f0898a,NMB60659679802754,vedoc,2021-11-26 12:22:39.372008
454,0,bfd0bba64c40629bb3316a0029de48c49a2fca71,WEB22860781682238,vedoc,2021-11-26 12:22:39.372557
455,0,97a7055f00287d61561183926ca4a322a3390756,W1T40492468610145,vedoc,2021-11-26 12:22:39.373100
456,0,3630d08c5dc5f5519bfda3d5030ba6773af07b43,W1T85525615327210,vedoc,2021-11-26 12:22:39.373649
457,0,9196d2b34cdc15cb8596a7cbfe8aebab9942ee95,MB60225250190773,vedoc,2021-11-26 12:22:39.374199
458,0,45435c3e9964630b9c6408c9c70708ac91e7f7dd,WEB95748376922663,vedoc,2021-11-26 12:22:39.374739
459,0,cb69ddc041f190158d8bc08a4c87e30c2934dc12,NMB83784290173587,vedoc,2021-11-26 12:22:39.375299
460,0,b36425f87d7781c52998a55c7952b326377bdaa2,W1T27002884609519,vedoc,2021-11-26 12:22:39.375892
461,0,c59840594d4231b42226955843fc98e7b48ce923,WEB22874326718724,vedoc,2021-11-26 12:22:39.376450
462,0,35a39a529af8f7f09c5ae61febe779894cbaf1bd,WEB72765931041669,vedoc,2021-11-26 12:22:39.376998
463,0,9a5a0db7e47dda31ab0f77cfab02f7b6eb9a156a,WDB60169979252215,vedoc,2021-11-26 12:22:39.377554
464,0,2866d264e385141c0bdbfaef0f8607e1da972094,W1T23222616356329,vedoc,2021-11-26 12:22:39.378118
465,0,5999bc9bc6cf3b0910f7a26e9ac959c0a512d223,W1T89760544942535,vedoc,2021-11-26 12:22:39.378665
466,0,90f2a6630c739107ebea22e2b6ee5b27dd2bd0f6,NMB82174401589591,vedoc,2021-11-26 12:22:39.379208
467,0,b2d890580b019c4d389bdc8debd0adfbbd9f5b8b,WDB22350529958983,vedoc,2021-11-26 12:22:39.379820
468,0,067ecbfc7cdeab1abfb340d1e3a99463966920c4,WEB36004609995198,vedoc,2021-11-26 12:22:39.380411
469,0,4bbf73ca9360bf99e3ef1439c4e64dcc487035cf,W1T78267884888627,vedoc,2021-11-26 12:22:39.381002
470,0,f84666583cf16bb19bb057fb99a389b17096d604,NMB90169176237351,vedoc,2021-11-26 12:22:39.381555
471,0,1144ebdc7663e7740806dd28929a48d51057ab02,WDB57837652452563,vedoc,2021-11-26 12:22:39.382179
472,0,65e5a534e85aea86b4443c80b134a6d0f92b39a0,WEB64343929476069,vedoc,2021-11-26 12:22:39.382741
473,0,2b5db40e5594a8eae243ee3536a272a07285505d,WEB71328986198305,vedoc,2021-11-26 12:22:39.383293
474,0,c222a195bda337f44e7bfcabf299d08b4c83ee49,W1T29630475620998,vedoc,2021-11-26 12:22:39.383880
475,0,3730f99f93de728b8941bf27e2b9b5488416fae7,NMB16209071001147,vedoc,2021-11-26 12:22:39.384433
476,0,50922542a96b15d3ca1bc46c036944f04bc16463,NMB32916524248118,vedoc,2021-11-26 12:22:39.384986
477,0,e55485757b2ae46bee064accd6930d1b6bfd04da,WEB65168982529271,vedoc,2021-11-26 12:22:39.385586
478,0,3b83fdc21b0cb24c8fc6ecc75d830a1b99a958a0,WDB63792384080059,vedoc,2021-11-26 12:22:39.386149
479,0,f5e400d1813b7d564c9634ef5f814560999f03cd,WEB32227316591311,vedoc,2021-11-26 12:22:39.386694
480,0,59be18bb7eecc3de94f0f9b5ebd361c6919266a8,W1T43999919208436,vedoc,2021-11-26 12:22:39.387240
481,0,aab1bad340d886213bade7aea01c629043e0743a,WEB84452769363130,vedoc,2021-11-26 12:22:39.387843
482,0,0993873eba982fe2f84733acc9039617ccc06f6f,WDB92928312369711,vedoc,2021-11-26 12:22:39.388397
483,0,74c6c63e819d424099683d53314d53e46489bf7e,NMB16807696939975,vedoc,2021-11-26 12:22:39.388947
484,0,a05a20c0670600f828c76efcc9321bd272e49e21,W1T82132103485109,vedoc,2021-11-26 12:22:39.389499
485,0,12c779c7633cfd7f79b6ca2dce6054c4cc6b46b7,W1T96176950823547,vedoc,2021-11-26 12:22:39.390094
486,0,087e702de160d7d7ea6fa62a00870b5993c4bcbd,WEB94574312727427,vedoc,2021-11-26 12:22:39.390690
487,0,27e2705fd03c8ae1fc5cb7784ecacb5f77855935,NMB84935539480318,vedoc,2021-11-26 12:22:39.391350
488,0,b75bd4e8a509eaa8f709556ec966ad2d9f662420,WDB67088108820050,vedoc,2021-11-26 12:22:39.391965
489,0,336a90e09e856a9d6576534d0457a33afe977a97,WDB57401039482398,vedoc,2021-11-26 12:22:39.392520
490,0,8888ca121edc757a19337c844df97aa9851bc5f0,WDB46020775404694,vedoc,2021-11-26 12:22:39.393068
491,0,ebdaa5c33a2bd620c211252afd748c419eb1a583,NMB57899264232608,vedoc,2021-11-26 12:22:39.393614
492,0,0dd0e97683445cd7d12c59258fc44e3ee3fddd83,NMB79553907018186,vedoc,2021-11-26 12:22:39.394161
493,0,ed098f21a497b38110a83b292588ea7a3af74f0a,WEB34897497595102,vedoc,2021-11-26 12:22:39.394704
494,0,638b2c1128f0ac139ede4b8bf39a6741c04ffae0,WEB46,vedoc,2021-11-26 12:22:39.395260
495,0,e97bca74b48c8e2e809dea1814ea647d057d9df1,W1T99474807741610,vedoc,2021-11-26 12:22:39.395851
496,0,e7d817628ed1f07aef4fa8d6b7cd7a1c0419c5c3,WDB18710120505219,vedoc,2021-11-26 12:22:39.396403
497,0,d7b0f243d9c87c1519638fd687f171f18878def4,W1T98661055753711,vedoc,2021-11-26 12:22:39.396948
498,0,73fa5ea52299d19c5bc2323d96458de6dd2cc48a,WEB13403470635841,vedoc,2021-11-26 12:22:39.397496
499,0,e4d588f7a964377ce7cf047ecdec806b03f7a356,NMB51666319007352,vedoc,2021-11-26 12:22:39.398042
